<?xml version="1.0" encoding="UTF-8"?>
<project-private xmlns="http://www.netbeans.org/ns/project-private/1">
    <editor-bookmarks xmlns="http://www.netbeans.org/ns/editor-bookmarks/2" lastBookmarkId="0"/>
    <open-files xmlns="http://www.netbeans.org/ns/projectui-open-files/2">
        <group>
            <file>file:/C:/Users/Oggi/Documents/NetBeansProjects/Server/routes/library.js</file>
            <file>file:/C:/Users/Oggi/Documents/NetBeansProjects/Server/routes/clubs.js</file>
            <file>file:/C:/Users/Oggi/Documents/NetBeansProjects/Server/app.js</file>
            <file>file:/C:/Users/Oggi/Documents/NetBeansProjects/Server/views/clubs.ejs</file>
            <file>file:/C:/Users/Oggi/Documents/NetBeansProjects/Server/views/profile.ejs</file>
            <file>file:/C:/Users/Oggi/Documents/NetBeansProjects/Server/public/stylesheets/registration.css</file>
            <file>file:/C:/Users/Oggi/Documents/NetBeansProjects/Server/public/stylesheets/library.css</file>
            <file>file:/C:/Users/Oggi/Documents/NetBeansProjects/Server/package.json</file>
            <file>file:/C:/Users/Oggi/Documents/NetBeansProjects/Server/bin/www</file>
            <file>file:/C:/Users/Oggi/Documents/NetBeansProjects/Server/views/achievements.ejs</file>
            <file>file:/C:/Users/Oggi/Documents/NetBeansProjects/Server/public/stylesheets/style.less</file>
            <file>file:/C:/Users/Oggi/Documents/NetBeansProjects/Server/public/stylesheets/achievements.css</file>
            <file>file:/C:/Users/Oggi/Documents/NetBeansProjects/Server/routes/profile.js</file>
            <file>file:/C:/Users/Oggi/Documents/NetBeansProjects/Server/public/stylesheets/challenges.css</file>
            <file>file:/C:/Users/Oggi/Documents/NetBeansProjects/Server/views/challenges.ejs</file>
            <file>file:/C:/Users/Oggi/Documents/NetBeansProjects/Server/routes/registration.js</file>
            <file>file:/C:/Users/Oggi/Documents/NetBeansProjects/Server/routes/achievements.js</file>
            <file>file:/C:/Users/Oggi/Documents/NetBeansProjects/Server/views/registration.ejs</file>
            <file>file:/C:/Users/Oggi/Documents/NetBeansProjects/Server/public/stylesheets/clubs.css</file>
            <file>file:/C:/Users/Oggi/Documents/NetBeansProjects/Server/views/library.ejs</file>
            <file>file:/C:/Users/Oggi/Documents/NetBeansProjects/Server/views/main.ejs</file>
            <file>file:/C:/Users/Oggi/Documents/NetBeansProjects/Server/public/stylesheets/style.css</file>
            <file>file:/C:/Users/Oggi/Documents/NetBeansProjects/Server/public/stylesheets/profile.css</file>
            <file>file:/C:/Users/Oggi/Documents/NetBeansProjects/Server/routes/challenges.js</file>
            <file>file:/C:/Users/Oggi/Documents/NetBeansProjects/Server/routes/main.js</file>
        </group>
    </open-files>
</project-private>
